<?xml version="1.0" encoding="utf-8"?>

<!--
This file is part of "Add Document Tags" project and subject to the terms
and conditions defined in file "LICENSE.txt", which is part of this source
code package and also available by the next link: https://git.io/JqJe0.
-->

<modification>
    <name>[underr] Add Document Tags</name>
    <code>add-document-tags</code>
    <version>1.0.0</version>
    <author>Andrii Burkatskyi aka underr</author>
    <link>https://git.io/JqJe2</link>
	<description>Addon to add custom tags in page header</description>

    <file path="system/library/document.php" error="log">
        <operation error="log">
            <search>
				<![CDATA[private $scripts = array();]]>
			</search>
            <add position="after"><![CDATA[
	/// <<< Add Document Tags
	private $tags = array();

	/**
	 * @param    string    $id       - unique id string
	 * @param    string    $tag      - e.g. script, link, meta, etc.
	 * @param    string    $content  - content between opening and closing tags
	 * @param    array     $attrs    - e.g., href, rel, etc.
	 * @param    string    $group    - e.g., 'header' or 'footer'
	 */
	public function addTag($id, $tag, $content = '', $attrs = array(), $group = 'header') {
		$this->tags[$group][] = array(
			'id'        => $id,
			'tag'       => $tag,
			'content'   => $content,
			'attrs'     => $attrs,
		);
	}

	/**
	 * @param    string    $group
	 *
	 * @return   array
	 */
	public function getTags($group = 'header') {
		if (isset($this->tags[$group])) {
			return $this->tags[$group];
		} else {
			return array();
		}
	}
	/// Add Document Tags >>>]]>
			</add>
        </operation>
    </file>

</modification>
